{
    "2022-9-10日": {
        "不想上班第一人": 101,
        "监视器&amp;罢工出题人": 166,
        "刘辣超": 198,
        "全糖加冰变态辣党": 205,
        "皇马15冠之前不改名": 57,
        "被泰康整到窒息的小可爱，想被换掉": 60,
        "付文萍": 67,
        "3.141592653589793…": 154,
        "宝瑞": 14,
        "没有行动还想瘦回95斤的梦中人": 27,
        "海阔天空": 2
    },
    "2022-9-11日": {
        "监视器&amp;罢工出题人": 148,
        "付文萍": 29,
        "被泰康整到窒息的小可爱，想被换掉": 67,
        "3.141592653589793…": 25,
        "没有行动还想瘦回95斤的梦中人": 37,
        "皇马15冠之前不改名": 11,
        "刘辣超": 35,
        "不想上班第一人": 97,
        "宝瑞": 16,
        "全糖加冰变态辣党": 12,
        "海阔天空": 2
    },
    "2022-9-12日": {
        "不想上班第一人": 29,
        "被泰康整到窒息的小可爱，想被换掉": 50,
        "刘辣超": 13,
        "付文萍": 9,
        "没有行动还想瘦回95斤的梦中人": 11,
        "监视器&amp;罢工出题人": 31,
        "全糖加冰变态辣党": 1,
        "": 12,
        "35岁退休养老": 2,
        "监视器&罢工出题人": 2
    }
}3.141592653589793…":1}}