{"2022-9-9日":{"不想上班第一人":86,"监视器&amp;罢工出题人":52,"宝瑞":11,"刘辣超":16,"3.141592653589793…":8,"全糖加冰变态辣党":27,"被泰康整到窒息的小可爱，想被换掉":22,"付文萍":2,"皇马15冠之前不改名":17,"没有行动还想瘦回95斤的梦中人":1},"2022-9-10日":{"不想上班第一人":20,"监视器&amp;罢工出题人":37,"刘辣超":8,"全糖加冰变态辣党":30,"皇马15冠之前不改名":22,"被泰康整到窒息的小可爱，想被换掉":14,"付文萍":3,"3.141592653589793…":3}}